INSERT INTO sys_tenant (
    id, tenant_name, tenant_code, contact_name, contact_phone, package_type, expire_time, status, remark, created_by, updated_by, created_at, updated_at
) VALUES
    (1, 'Acme Technology Co., Ltd.', 'acme', 'Wang Manager', '13900000000', 'STANDARD', '2027-04-20 23:59:59.000', 'ENABLED', 'Seed demo tenant', 10001, 10001, '2026-04-20 10:30:00.000', '2026-04-20 10:30:00.000');

INSERT INTO sys_dept (
    id, tenant_id, parent_id, dept_name, dept_code, ancestor_path, leader_name, phone, sort_order, status, remark, created_by, updated_by, created_at, updated_at
) VALUES
    (100001, 1, 0, 'Headquarters', 'HQ', '/0', 'Acme Admin', '13900000000', 1, 'ENABLED', NULL, 10001, 10001, '2026-04-20 10:30:00.000', '2026-04-20 10:30:00.000'),
    (100002, 1, 100001, 'Technology', 'TECH', '/0/100001', 'Li Si', '13900000001', 2, 'ENABLED', NULL, 10001, 10001, '2026-04-20 10:30:00.000', '2026-04-20 10:30:00.000'),
    (100003, 1, 100001, 'Operations', 'OPS', '/0/100001', 'Wang Wu', '13900000002', 3, 'ENABLED', NULL, 10001, 10001, '2026-04-20 10:30:00.000', '2026-04-20 10:30:00.000');

INSERT INTO sys_role (
    id, tenant_id, role_name, role_code, data_scope, status, remark, created_by, updated_by, created_at, updated_at
) VALUES
    (200001, 1, 'Tenant Administrator', 'TENANT_ADMIN', 'TENANT', 'ENABLED', 'Tenant admin role', 10001, 10001, '2026-04-20 10:30:00.000', '2026-04-20 10:30:00.000'),
    (200002, 1, 'Applicant', 'APPLICANT', 'SELF', 'ENABLED', 'Ticket applicant role', 10001, 10001, '2026-04-20 10:30:00.000', '2026-04-20 10:30:00.000'),
    (200003, 1, 'Approver', 'APPROVER', 'TENANT', 'ENABLED', 'Ticket approver role', 10001, 10001, '2026-04-20 10:30:00.000', '2026-04-20 10:30:00.000'),
    (200004, 1, 'Handler', 'HANDLER', 'TENANT', 'ENABLED', 'Ticket handler role', 10001, 10001, '2026-04-20 10:30:00.000', '2026-04-20 10:30:00.000');

INSERT INTO sys_user (
    id, tenant_id, dept_id, username, nickname, password_hash, phone, email, status, last_login_at, remark, created_by, updated_by, created_at, updated_at
) VALUES
    (200001, 1, 100001, 'acme_admin', 'Acme Admin', '$2a$10$Yu5OQQ0YJoiGmfNc6itJkeiqpwqfo67jq5B6SNyHX813wer3rPRkK', '13900000010', 'acme_admin@acme.local', 'ENABLED', NULL, 'Seed tenant admin', 10001, 10001, '2026-04-20 10:30:00.000', '2026-04-20 10:30:00.000'),
    (200002, 1, 100002, 'zhangsan', 'Zhang San', '$2a$10$WQSXAHF3Py/fkcvJqViI8ekqyi.nFxX5PJET5ESB6/dOM4x6ux0/G', '13900000011', 'zhangsan@acme.local', 'ENABLED', NULL, 'Seed applicant', 10001, 10001, '2026-04-20 10:30:00.000', '2026-04-20 10:30:00.000'),
    (200003, 1, 100002, 'lisi', 'Li Si', '$2a$10$WQSXAHF3Py/fkcvJqViI8ekqyi.nFxX5PJET5ESB6/dOM4x6ux0/G', '13900000012', 'lisi@acme.local', 'ENABLED', NULL, 'Seed approver', 10001, 10001, '2026-04-20 10:30:00.000', '2026-04-20 10:30:00.000'),
    (200004, 1, 100003, 'wangwu', 'Wang Wu', '$2a$10$WQSXAHF3Py/fkcvJqViI8ekqyi.nFxX5PJET5ESB6/dOM4x6ux0/G', '13900000013', 'wangwu@acme.local', 'ENABLED', NULL, 'Seed handler', 10001, 10001, '2026-04-20 10:30:00.000', '2026-04-20 10:30:00.000');

INSERT INTO sys_user_role (
    id, tenant_id, user_id, role_id, created_by, created_at
) VALUES
    (210001, 1, 200001, 200001, 10001, '2026-04-20 10:30:00.000'),
    (210002, 1, 200002, 200002, 10001, '2026-04-20 10:30:00.000'),
    (210003, 1, 200003, 200003, 10001, '2026-04-20 10:30:00.000'),
    (210004, 1, 200004, 200004, 10001, '2026-04-20 10:30:00.000');

INSERT INTO sys_role_menu (
    id, tenant_id, role_id, menu_id, created_by, created_at
) VALUES
    (220001, 1, 200001, 20000, 10001, '2026-04-20 10:30:00.000'),
    (220002, 1, 200001, 20200, 10001, '2026-04-20 10:30:00.000'),
    (220003, 1, 200001, 20201, 10001, '2026-04-20 10:30:00.000'),
    (220004, 1, 200001, 20202, 10001, '2026-04-20 10:30:00.000'),
    (220005, 1, 200001, 20203, 10001, '2026-04-20 10:30:00.000'),
    (220006, 1, 200001, 20204, 10001, '2026-04-20 10:30:00.000'),
    (220007, 1, 200001, 20300, 10001, '2026-04-20 10:30:00.000'),
    (220008, 1, 200001, 20301, 10001, '2026-04-20 10:30:00.000'),
    (220009, 1, 200001, 20302, 10001, '2026-04-20 10:30:00.000'),
    (220010, 1, 200001, 20303, 10001, '2026-04-20 10:30:00.000'),
    (220011, 1, 200001, 20304, 10001, '2026-04-20 10:30:00.000'),
    (220012, 1, 200001, 30000, 10001, '2026-04-20 10:30:00.000'),
    (220013, 1, 200001, 30100, 10001, '2026-04-20 10:30:00.000'),
    (220014, 1, 200001, 30101, 10001, '2026-04-20 10:30:00.000'),
    (220015, 1, 200001, 30102, 10001, '2026-04-20 10:30:00.000'),
    (220016, 1, 200001, 30103, 10001, '2026-04-20 10:30:00.000'),
    (220017, 1, 200001, 30104, 10001, '2026-04-20 10:30:00.000'),
    (220018, 1, 200001, 30105, 10001, '2026-04-20 10:30:00.000'),
    (220019, 1, 200001, 30200, 10001, '2026-04-20 10:30:00.000'),
    (220020, 1, 200001, 30201, 10001, '2026-04-20 10:30:00.000'),
    (220021, 1, 200001, 30202, 10001, '2026-04-20 10:30:00.000'),
    (220022, 1, 200001, 30203, 10001, '2026-04-20 10:30:00.000'),
    (220023, 1, 200001, 30204, 10001, '2026-04-20 10:30:00.000'),
    (220024, 1, 200001, 30205, 10001, '2026-04-20 10:30:00.000'),
    (220025, 1, 200001, 30206, 10001, '2026-04-20 10:30:00.000'),
    (220026, 1, 200001, 30300, 10001, '2026-04-20 10:30:00.000'),
    (220027, 1, 200001, 30301, 10001, '2026-04-20 10:30:00.000'),
    (220028, 1, 200001, 30400, 10001, '2026-04-20 10:30:00.000'),
    (220029, 1, 200001, 30401, 10001, '2026-04-20 10:30:00.000'),
    (220030, 1, 200001, 40000, 10001, '2026-04-20 10:30:00.000'),
    (220031, 1, 200001, 40100, 10001, '2026-04-20 10:30:00.000'),
    (220032, 1, 200001, 40101, 10001, '2026-04-20 10:30:00.000'),
    (220033, 1, 200001, 40102, 10001, '2026-04-20 10:30:00.000'),
    (220034, 1, 200001, 50000, 10001, '2026-04-20 10:30:00.000'),
    (220035, 1, 200001, 50100, 10001, '2026-04-20 10:30:00.000'),
    (220036, 1, 200001, 50101, 10001, '2026-04-20 10:30:00.000'),
    (220037, 1, 200001, 50102, 10001, '2026-04-20 10:30:00.000'),
    (220101, 1, 200002, 30000, 10001, '2026-04-20 10:30:00.000'),
    (220102, 1, 200002, 30100, 10001, '2026-04-20 10:30:00.000'),
    (220103, 1, 200002, 30101, 10001, '2026-04-20 10:30:00.000'),
    (220104, 1, 200002, 30102, 10001, '2026-04-20 10:30:00.000'),
    (220105, 1, 200002, 30103, 10001, '2026-04-20 10:30:00.000'),
    (220106, 1, 200002, 30104, 10001, '2026-04-20 10:30:00.000'),
    (220107, 1, 200002, 30105, 10001, '2026-04-20 10:30:00.000'),
    (220108, 1, 200002, 30300, 10001, '2026-04-20 10:30:00.000'),
    (220109, 1, 200002, 30301, 10001, '2026-04-20 10:30:00.000'),
    (220110, 1, 200002, 40000, 10001, '2026-04-20 10:30:00.000'),
    (220111, 1, 200002, 40100, 10001, '2026-04-20 10:30:00.000'),
    (220112, 1, 200002, 40101, 10001, '2026-04-20 10:30:00.000'),
    (220113, 1, 200002, 40102, 10001, '2026-04-20 10:30:00.000'),
    (220114, 1, 200002, 50000, 10001, '2026-04-20 10:30:00.000'),
    (220115, 1, 200002, 50100, 10001, '2026-04-20 10:30:00.000'),
    (220116, 1, 200002, 50101, 10001, '2026-04-20 10:30:00.000'),
    (220117, 1, 200002, 50102, 10001, '2026-04-20 10:30:00.000'),
    (220201, 1, 200003, 30000, 10001, '2026-04-20 10:30:00.000'),
    (220202, 1, 200003, 30100, 10001, '2026-04-20 10:30:00.000'),
    (220203, 1, 200003, 30101, 10001, '2026-04-20 10:30:00.000'),
    (220204, 1, 200003, 30200, 10001, '2026-04-20 10:30:00.000'),
    (220205, 1, 200003, 30201, 10001, '2026-04-20 10:30:00.000'),
    (220206, 1, 200003, 30202, 10001, '2026-04-20 10:30:00.000'),
    (220207, 1, 200003, 30203, 10001, '2026-04-20 10:30:00.000'),
    (220208, 1, 200003, 30300, 10001, '2026-04-20 10:30:00.000'),
    (220209, 1, 200003, 30301, 10001, '2026-04-20 10:30:00.000'),
    (220210, 1, 200003, 40000, 10001, '2026-04-20 10:30:00.000'),
    (220211, 1, 200003, 40100, 10001, '2026-04-20 10:30:00.000'),
    (220212, 1, 200003, 40102, 10001, '2026-04-20 10:30:00.000'),
    (220213, 1, 200003, 50000, 10001, '2026-04-20 10:30:00.000'),
    (220214, 1, 200003, 50100, 10001, '2026-04-20 10:30:00.000'),
    (220215, 1, 200003, 50101, 10001, '2026-04-20 10:30:00.000'),
    (220216, 1, 200003, 50102, 10001, '2026-04-20 10:30:00.000'),
    (220301, 1, 200004, 30000, 10001, '2026-04-20 10:30:00.000'),
    (220302, 1, 200004, 30100, 10001, '2026-04-20 10:30:00.000'),
    (220303, 1, 200004, 30101, 10001, '2026-04-20 10:30:00.000'),
    (220304, 1, 200004, 30200, 10001, '2026-04-20 10:30:00.000'),
    (220305, 1, 200004, 30204, 10001, '2026-04-20 10:30:00.000'),
    (220306, 1, 200004, 30205, 10001, '2026-04-20 10:30:00.000'),
    (220307, 1, 200004, 30206, 10001, '2026-04-20 10:30:00.000'),
    (220308, 1, 200004, 30300, 10001, '2026-04-20 10:30:00.000'),
    (220309, 1, 200004, 30301, 10001, '2026-04-20 10:30:00.000'),
    (220310, 1, 200004, 40000, 10001, '2026-04-20 10:30:00.000'),
    (220311, 1, 200004, 40100, 10001, '2026-04-20 10:30:00.000'),
    (220312, 1, 200004, 40101, 10001, '2026-04-20 10:30:00.000'),
    (220313, 1, 200004, 40102, 10001, '2026-04-20 10:30:00.000'),
    (220314, 1, 200004, 50000, 10001, '2026-04-20 10:30:00.000'),
    (220315, 1, 200004, 50100, 10001, '2026-04-20 10:30:00.000'),
    (220316, 1, 200004, 50101, 10001, '2026-04-20 10:30:00.000'),
    (220317, 1, 200004, 50102, 10001, '2026-04-20 10:30:00.000');

INSERT INTO file_info (
    id, tenant_id, biz_type, file_name, file_key, file_url, preview_url, file_size, content_type, storage_type, bucket_name, created_by, created_at
) VALUES
    (300001, 1, 'TICKET', 'vpn_apply.png', 'ticket/2026/04/20/vpn_apply.png', 'https://minio.example.com/saas/ticket/2026/04/20/vpn_apply.png', 'https://minio.example.com/preview/vpn_apply', 102400, 'image/png', 'MINIO', 'saas', 200002, '2026-04-20 11:00:00.000'),
    (300002, 1, 'RESULT', 'vpn_result.txt', 'ticket/2026/04/20/vpn_result.txt', 'https://minio.example.com/saas/ticket/2026/04/20/vpn_result.txt', 'https://minio.example.com/preview/vpn_result', 2048, 'text/plain', 'MINIO', 'saas', 200004, '2026-04-20 13:00:00.000');

INSERT INTO ticket (
    id, ticket_no, title, description, type, priority, status, submitter_id, current_approver_id, current_handler_id, expected_complete_time, approved_at, completed_at, tenant_id, created_by, updated_by, created_at, updated_at
) VALUES
    (400001, 'TK202604200001', 'VPN Access Apply', 'New employee onboarding requires VPN access for development resources.', 'ACCESS_APPLY', 'HIGH', 'PENDING_APPROVAL', 200002, 200003, NULL, '2026-04-21 18:00:00.000', NULL, NULL, 1, 200002, 200002, '2026-04-20 11:00:00.000', '2026-04-20 11:05:00.000'),
    (400002, 'TK202604200002', 'Repair Meeting Room Projector', 'The projector in meeting room A cannot boot properly and needs handling.', 'EQUIPMENT_REPAIR', 'MEDIUM', 'COMPLETED', 200002, NULL, 200004, '2026-04-20 18:00:00.000', '2026-04-20 12:10:00.000', '2026-04-20 13:10:00.000', 1, 200002, 200004, '2026-04-20 12:00:00.000', '2026-04-20 13:10:00.000');

INSERT INTO ticket_attachment_ref (
    id, ticket_id, biz_type, biz_id, file_id, tenant_id, created_by, created_at
) VALUES
    (410001, 400001, 'TICKET', 400001, 300001, 1, 200002, '2026-04-20 11:00:00.000'),
    (410002, 400002, 'RESULT', 400002, 300002, 1, 200004, '2026-04-20 13:10:00.000');

INSERT INTO ticket_flow_record (
    id, ticket_id, operate_type, before_status, after_status, operator_id, operator_name, comment, tenant_id, created_at
) VALUES
    (420001, 400001, 'CREATE', NULL, 'DRAFT', 200002, 'Zhang San', 'Ticket draft created', 1, '2026-04-20 11:00:00.000'),
    (420002, 400001, 'SUBMIT', 'DRAFT', 'PENDING_APPROVAL', 200002, 'Zhang San', 'Please review VPN access request', 1, '2026-04-20 11:05:00.000'),
    (420003, 400002, 'CREATE', NULL, 'DRAFT', 200002, 'Zhang San', 'Ticket draft created', 1, '2026-04-20 12:00:00.000'),
    (420004, 400002, 'SUBMIT', 'DRAFT', 'PENDING_APPROVAL', 200002, 'Zhang San', 'Projector issue requires approval', 1, '2026-04-20 12:02:00.000'),
    (420005, 400002, 'APPROVE', 'PENDING_APPROVAL', 'WAIT_PROCESS', 200003, 'Li Si', 'Approved, please assign handler', 1, '2026-04-20 12:10:00.000'),
    (420006, 400002, 'START_PROCESS', 'WAIT_PROCESS', 'PROCESSING', 200004, 'Wang Wu', 'Started handling projector issue', 1, '2026-04-20 12:20:00.000'),
    (420007, 400002, 'COMPLETE', 'PROCESSING', 'COMPLETED', 200004, 'Wang Wu', 'Replaced faulty power module and restored projector.', 1, '2026-04-20 13:10:00.000');

INSERT INTO ticket_approval (
    id, ticket_id, approver_id, action_type, from_approver_id, target_approver_id, comment, tenant_id, created_at
) VALUES
    (430001, 400002, 200003, 'APPROVE', 200003, NULL, 'Approved for operations handling', 1, '2026-04-20 12:10:00.000');

INSERT INTO ticket_comment (
    id, ticket_id, user_id, content, reply_to_comment_id, tenant_id, created_at, updated_at
) VALUES
    (440001, 400002, 200004, 'Projector has been repaired. Please verify in the meeting room.', NULL, 1, '2026-04-20 13:15:00.000', '2026-04-20 13:15:00.000');

INSERT INTO notify_message (
    id, tenant_id, receiver_id, title, content, status, message_type, biz_type, biz_id, read_at, created_at
) VALUES
    (450001, 1, 200003, 'Pending Approval Ticket', 'VPN Access Apply is waiting for your approval.', 'UNREAD', 'TODO', 'TICKET', 400001, NULL, '2026-04-20 11:05:00.000'),
    (450002, 1, 200002, 'Ticket Completed', 'Repair Meeting Room Projector has been completed by Wang Wu.', 'READ', 'RESULT', 'TICKET', 400002, '2026-04-20 13:20:00.000', '2026-04-20 13:10:00.000');
